Date,Day,PlateDay,Plate,Incubation,Volume,Treatment,Age,DOB,Sex,ID,ExpID,Distributor,Viability,Basal,ATP,Max,Spare,Leak,NonMito
7/5/2022,3,1,9,3,40,Control,Aged,11/10/20,Male,M03500-32622,M4,Jackson,0.94,24.62,22.23,59.26083333,34.64083333,2.39,12.08666667
7/5/2022,3,1,9,3,40,CpG,Aged,11/10/20,Male,M03500-32622,M4,Jackson,0.94,29.095,25.23166667,82.51916667,53.42416667,3.863333333,12.80333333
7/5/2022,3,1,9,3,40,LPS,Aged,11/10/20,Male,M03500-32622,M4,Jackson,0.94,23.92666667,20.7,57.33583333,33.40916667,3.226666667,10.87166667
7/5/2022,3,2,10,3,40,Control,Aged,11/10/20,Male,M03500-32622,M4,Jackson,0.94,18.335,16.40833333,41.56166667,23.22666667,1.926666667,9.373333333
7/5/2022,3,2,10,3,40,CpG,Aged,11/10/20,Male,M03500-32622,M4,Jackson,0.94,16.34166667,13.64666667,27.7175,11.37583333,2.695,7.32
7/5/2022,3,2,10,3,40,LPS,Aged,11/10/20,Male,M03500-32622,M4,Jackson,0.94,18.17666667,15.05,36.68083333,18.50416667,3.126666667,7.956666667
7/5/2022,3,4,12,3,40,Control,Aged,11/10/20,Male,M03500-32622,M4,Jackson,0.94,13.125,11.73333333,27.29916667,14.17416667,1.391666667,6.583333333
7/5/2022,3,4,12,3,40,CpG,Aged,11/10/20,Male,M03500-32622,M4,Jackson,0.94,14.56166667,12.795,32.39,17.82833333,1.766666667,7.545
7/5/2022,3,4,12,3,40,LPS,Aged,11/10/20,Male,M03500-32622,M4,Jackson,0.94,11.26333333,9.555833333,17.16416667,5.900833333,1.7075,5.073333333
7/6/2022,4,1,13,3,40,CDN,Aged,11/10/20,Male,M03500-32621,M5,Jackson,0.92,30.69333333,26.10166667,48.3575,17.66416667,4.591666667,10.405
7/6/2022,4,1,13,3,40,Control,Aged,11/10/20,Male,M03500-32621,M5,Jackson,0.92,37.45,30.59833333,67.29166667,29.84166667,6.851666667,10.60833333
7/6/2022,4,1,13,3,40,R848,Aged,11/10/20,Male,M03500-32621,M5,Jackson,0.92,29.97833333,25.345,56.15083333,26.1725,4.633333333,10.82666667
7/6/2022,4,3,15,3,40,CDN,Aged,11/10/20,Male,M03500-32621,M5,Jackson,0.92,29.79333333,23.21333333,34.37333333,4.58,6.58,8.426666667
7/6/2022,4,3,15,3,40,Control,Aged,11/10/20,Male,M03500-32621,M5,Jackson,0.92,29.64833333,24.93,52.39416667,22.74583333,4.718333333,10.62333333
7/6/2022,4,3,15,3,40,R848,Aged,11/10/20,Male,M03500-32621,M5,Jackson,0.92,27.89666667,22.165,27.6875,0.95,5.731666667,6.13
7/6/2022,4,4,16,3,40,CDN,Aged,11/10/20,Male,M03500-32621,M5,Jackson,0.92,17.90833333,13.82833333,29.37416667,11.46583333,4.08,5.293333333
7/6/2022,4,4,16,3,40,Control,Aged,11/10/20,Male,M03500-32621,M5,Jackson,0.92,23.66666667,18.59,30.37666667,8.756666667,5.076666667,4.681666667
7/6/2022,4,4,16,3,40,R848,Aged,11/10/20,Male,M03500-32621,M5,Jackson,0.92,21.97833333,18.82916667,14.45,0,3.149166667,4.18
7/15/2022,5,1,18,3,40,Control,Aged,12/29/20,Male,M03567-33501,M6,Jackson,0.93,27.28666667,23.78,71.32916667,44.0425,3.506666667,13.17833333
7/15/2022,5,1,18,3,40,CpG,Aged,12/29/20,Male,M03567-33501,M6,Jackson,0.93,25.10666667,21.90166667,72.81083333,47.70416667,3.205,12.65666667
7/15/2022,5,1,18,3,40,LPS,Aged,12/29/20,Male,M03567-33501,M6,Jackson,0.93,31.22666667,26.985,79.985,48.75833333,4.241666667,13.94
7/15/2022,5,2,19,3,40,Control,Aged,12/29/20,Male,M03567-33501,M6,Jackson,0.93,21.07666667,17.82166667,49.84916667,28.7725,3.255,8.748333333
7/15/2022,5,2,19,3,40,CpG,Aged,12/29/20,Male,M03567-33501,M6,Jackson,0.93,23.235,19.75833333,61.36666667,38.13166667,3.476666667,10.76333333
7/15/2022,5,2,19,3,40,LPS,Aged,12/29/20,Male,M03567-33501,M6,Jackson,0.93,15.555,13.21,31.3775,15.8225,2.345,7.44
7/15/2022,5,4,21,3,40,Control,Aged,12/29/20,Male,M03567-33501,M6,Jackson,0.93,22.52833333,19.63166667,62.45583333,39.9275,2.896666667,10.81166667
7/15/2022,5,4,21,3,40,CpG,Aged,12/29/20,Male,M03567-33501,M6,Jackson,0.93,23.18833333,20.46166667,61.9825,38.79416667,2.726666667,12.1
7/15/2022,5,4,21,3,40,LPS,Aged,12/29/20,Male,M03567-33501,M6,Jackson,0.93,19.055,15.74,40.07,21.015,3.315,8.7
7/18/2022,6,1,22,3,40,CDN.NP.Mi,Young,4/5/22,Male,M03560-33499,M8,Jackson,0.94,17.19166667,16.61666667,59.82833333,42.63666667,0.575,10.77166667
7/18/2022,6,1,22,3,40,Control,Young,4/5/22,Male,M03560-33499,M8,Jackson,0.94,21.42666667,20.40333333,68.09166667,46.665,1.023333333,11.83333333
7/18/2022,6,2,23,3,40,Control,Aged,11/24/20,Male,M03561-33503,M7,Jackson,0.92,20.60666667,17.14333333,80.48666667,59.88,3.463333333,11.67333333
7/18/2022,6,2,23,3,40,R848.NP.Mi,Aged,11/24/20,Male,M03561-33503,M7,Jackson,0.92,22.92833333,18.91166667,87.83583333,64.9075,4.016666667,11.07666667
7/18/2022,6,2,23,3,40,Control,Young,4/5/22,Male,M03560-33499,M8,Jackson,0.94,16.96666667,14.18,54.88333333,37.91666667,2.786666667,9.146666667
7/18/2022,6,2,23,3,40,R848.NP.Mi,Young,4/5/22,Male,M03560-33499,M8,Jackson,0.94,15.40166667,13.125,53.81916667,38.4175,2.276666667,7.758333333
7/18/2022,6,3,24,3,40,Control,Aged,11/24/20,Male,M03561-33503,M7,Jackson,0.92,14.18666667,16.35833333,88.32833333,74.14166667,0,20.00666667
7/18/2022,6,3,24,3,40,LPS,Aged,11/24/20,Male,M03561-33503,M7,Jackson,0.92,15.45333333,17.0375,84.78166667,69.32833333,0,19.15833333
7/18/2022,6,3,24,3,40,Control,Young,4/5/22,Male,M03560-33499,M8,Jackson,0.94,11.79,12.65,53.215,41.425,0,13.59
7/18/2022,6,3,24,3,40,LPS,Young,4/5/22,Male,M03560-33499,M8,Jackson,0.94,9.678333333,10.65666667,60.24833333,50.57,0,13.05166667
7/19/2022,7,1,25,3,40,Control,Aged,11/24/20,Male,M03561-33503,M9,Jackson,0.91,25.38,20.37,74.47333333,49.09333333,5.01,12.83666667
7/19/2022,7,1,25,3,40,CpG.NP.Mi,Aged,11/24/20,Male,M03561-33503,M9,Jackson,0.91,27.58333333,21.84,83.33666667,55.75333333,5.743333333,11.92333333
7/19/2022,7,1,25,3,40,Control,Young,4/5/22,Male,M03560-33499,M10,Jackson,0.92,20.20333333,16.67333333,46.345,26.14166667,3.53,9.22
7/19/2022,7,1,25,3,40,CpG.NP.Mi,Young,4/5/22,Male,M03560-33499,M10,Jackson,0.92,18.55666667,13.90333333,50.43583333,31.87916667,4.653333333,7.891666667
7/19/2022,7,2,26,3,40,CDN.NP.Mi,Aged,11/24/20,Male,M03561-33503,M9,Jackson,0.91,16.73,12.64083333,57.42666667,40.69666667,4.089166667,11.25833333
7/19/2022,7,2,26,3,40,Control,Aged,11/24/20,Male,M03561-33503,M9,Jackson,0.91,14.16666667,11.52,52.62666667,38.46,2.646666667,10.92333333
7/19/2022,7,2,26,3,40,CDN.NP.Mi,Young,4/5/22,Male,M03560-33499,M10,Jackson,0.92,13.08666667,9.491666667,44.44,31.35333333,3.595,7.785
7/19/2022,7,2,26,3,40,Control,Young,4/5/22,Male,M03560-33499,M10,Jackson,0.92,16.35,13.235,42.64,26.29,3.115,9.44
7/19/2022,7,3,27,3,40,Control,Aged,11/24/20,Male,M03561-33503,M9,Jackson,0.91,13.07,9.886666667,47.07833333,34.00833333,3.183333333,8.976666667
7/19/2022,7,3,27,3,40,R848.NP.Mi,Aged,11/24/20,Male,M03561-33503,M9,Jackson,0.91,12.22333333,9.658333333,40.1975,27.97416667,2.565,6.06
7/19/2022,7,3,27,3,40,Control,Young,4/5/22,Male,M03560-33499,M10,Jackson,0.92,11.87666667,9.051666667,34.22,22.34333333,2.825,6.7
7/19/2022,7,3,27,3,40,R848.NP.Mi,Young,4/5/22,Male,M03560-33499,M10,Jackson,0.92,8.933333333,6.4175,31.73333333,22.8,2.515833333,4.876666667
7/22/2022,8,1,28,3,40,Control,Aged,12/1/20,Male,M03566-33506,M11,Jackson,0.93,30.82333333,27.43,59.46666667,28.64333333,3.393333333,14.30333333
7/22/2022,8,1,28,3,40,R848.NP.Mi,Aged,12/1/20,Male,M03566-33506,M11,Jackson,0.93,25.875,23.005,68.87666667,43.00166667,2.87,14.15333333
7/22/2022,8,1,28,3,40,Control,Young,4/5/22,Male,M03560-33492,M12,Jackson,0.95,29.94,25.77,37.30666667,7.366666667,4.17,11.94333333
7/22/2022,8,1,28,3,40,R848.NP.Mi,Young,4/5/22,Male,M03560-33492,M12,Jackson,0.95,30.58333333,25.51,64.33916667,33.75583333,5.073333333,12.76833333
7/22/2022,8,2,29,3,40,CDN.NP.Mi,Aged,12/1/20,Male,M03566-33506,M11,Jackson,0.93,18.12666667,16.5,45.3875,27.26083333,1.626666667,11.515
7/22/2022,8,2,29,3,40,Control,Aged,12/1/20,Male,M03566-33506,M11,Jackson,0.93,22.81,20.39,39.72166667,16.91166667,2.42,11.11333333
7/22/2022,8,2,29,3,40,CDN.NP.Mi,Young,4/5/22,Male,M03560-33492,M12,Jackson,0.95,18.93166667,15.71833333,36.87083333,17.93916667,3.213333333,9.161666667
7/22/2022,8,2,29,3,40,Control,Young,4/5/22,Male,M03560-33492,M12,Jackson,0.95,23.89,20.31333333,28.69333333,4.803333333,3.576666667,9.936666667
7/22/2022,8,3,30,3,40,Control,Aged,12/1/20,Male,M03566-33506,M11,Jackson,0.93,17.48666667,15.36,31.305,13.81833333,2.126666667,8.55
7/22/2022,8,3,30,3,40,CpG.NP.Mi,Aged,12/1/20,Male,M03566-33506,M11,Jackson,0.93,17.4,15.53,40.19666667,22.79666667,1.87,9.173333333
7/22/2022,8,3,30,3,40,Control,Young,4/5/22,Male,M03560-33492,M12,Jackson,0.95,21.35333333,17.72666667,28.095,6.741666667,3.626666667,8
7/22/2022,8,3,30,3,40,CpG.NP.Mi,Young,4/5/22,Male,M03560-33492,M12,Jackson,0.95,15.05666667,12.46333333,28.02083333,12.96416667,2.593333333,6.726666667
7/25/2022,9,1,32,3,40,CDN.NP.Mi,Aged,12/29/20,Male,M03567-33501,M13,Jackson,0.96,36.115,23.87916667,107.8033333,71.68833333,12.23583333,17.52166667
7/25/2022,9,1,32,3,40,Control,Aged,12/29/20,Male,M03567-33501,M13,Jackson,0.96,34.21666667,26.53833333,84.30833333,50.09166667,7.678333333,14.59666667
7/25/2022,9,1,32,3,40,CDN.NP.Mi,Young,4/5/22,Male,M03560-33492,M14,Jackson,0.98,23.97666667,16.68833333,53.23583333,29.25916667,7.288333333,10.78666667
7/25/2022,9,1,32,3,40,Control,Young,4/5/22,Male,M03560-33492,M14,Jackson,0.98,28.8,16.97666667,62.16333333,33.36333333,11.82333333,12.23666667
7/25/2022,9,2,33,3,40,Control,Aged,12/29/20,Male,M03567-33501,M13,Jackson,0.96,30.29666667,16.25333333,80.82833333,50.53166667,14.04333333,14.57666667
7/25/2022,9,2,33,3,40,R848.NP.Mi,Aged,12/29/20,Male,M03567-33501,M13,Jackson,0.96,29.31833333,15.39083333,87.6275,58.30916667,13.9275,13.18
7/25/2022,9,2,33,3,40,Control,Young,4/5/22,Male,M03560-33492,M14,Jackson,0.98,28.72333333,15.83833333,54.905,26.18166667,12.885,11.45
7/25/2022,9,2,33,3,40,R848.NP.Mi,Young,4/5/22,Male,M03560-33492,M14,Jackson,0.98,24.72833333,11.70666667,70.13166667,45.40333333,13.02166667,11.45833333
7/25/2022,9,3,34,3,40,Control,Aged,12/29/20,Male,M03567-33501,M13,Jackson,0.96,29.14,23.68,45.82833333,16.68833333,5.46,11.87666667
7/25/2022,9,3,34,3,40,CpG.NP.Mi,Aged,12/29/20,Male,M03567-33501,M13,Jackson,0.96,30.89166667,22.49666667,63.995,33.10333333,8.395,12.315
7/25/2022,9,3,34,3,40,Control,Young,4/5/22,Male,M03560-33492,M14,Jackson,0.98,34.51,23.83333333,62.74333333,28.23333333,10.67666667,12.50666667
7/25/2022,9,3,34,3,40,CpG.NP.Mi,Young,4/5/22,Male,M03560-33492,M14,Jackson,0.98,28.13,20.96,52.54333333,24.41333333,7.17,10.67166667
7/29/2022,10,1,35,3,40,CDN,Aged,12/1/20,Male,M03566-33506,M15,Jackson,0.95,34.51333333,29.15083333,86.15,51.63666667,5.3625,16.82
7/29/2022,10,1,35,3,40,Control,Aged,12/1/20,Male,M03566-33506,M15,Jackson,0.95,31.22,27.455,88.175,56.955,3.765,17.91
7/29/2022,10,1,35,3,40,CDN,Young,4/5/22,Male,M03560-33498,M16,Jackson,0.96,22.78666667,17.42,38.90833333,16.12166667,5.366666667,9.701666667
7/29/2022,10,1,35,3,40,Control,Young,4/5/22,Male,M03560-33498,M16,Jackson,0.96,23.89333333,19.01666667,40.97666667,17.08333333,4.876666667,10.83333333
7/29/2022,10,2,36,3,40,CDN.NP.Mi,Aged,12/1/20,Male,M03566-33506,M15,Jackson,0.95,28.46666667,19.23416667,72.5825,44.11583333,9.2325,14.325
7/29/2022,10,2,36,3,40,Control,Aged,12/1/20,Male,M03566-33506,M15,Jackson,0.95,26.33333333,21.06166667,64.47666667,38.14333333,5.271666667,13.45333333
7/29/2022,10,2,36,3,40,CDN.NP.Mi,Young,4/5/22,Male,M03560-33498,M16,Jackson,0.96,19.72666667,12.93333333,51.15583333,31.42916667,6.793333333,8.751666667
7/29/2022,10,2,36,3,40,Control,Young,4/5/22,Male,M03560-33498,M16,Jackson,0.96,24.86333333,16.66166667,48.28166667,23.41833333,8.201666667,11.02333333
7/29/2022,10,3,37,3,40,Control,Aged,12/1/20,Male,M03566-33506,M15,Jackson,0.95,21.94666667,18.91666667,35.17333333,13.22666667,3.03,8.886666667
7/29/2022,10,3,37,3,40,R848,Aged,12/1/20,Male,M03566-33506,M15,Jackson,0.95,24.595,21.40333333,46.495,21.9,3.191666667,10.205
7/29/2022,10,3,37,3,40,Control,Young,4/5/22,Male,M03560-33498,M16,Jackson,0.96,20.19333333,16.56333333,30.12,9.926666667,3.63,7.93
7/29/2022,10,3,37,3,40,R848,Young,4/5/22,Male,M03560-33498,M16,Jackson,0.96,16.59666667,13.71833333,17.49583333,0.899166667,2.878333333,6.541666667
7/29/2022,10,1,38,3,40,Control,Aged,11/24/20,Male,M03561-33503,M17,Jackson,0.95,30.50333333,24.99,64.275,33.77166667,5.513333333,11.63
7/29/2022,10,1,38,3,40,CpG.NP.Mi,Aged,11/24/20,Male,M03561-33503,M17,Jackson,0.95,33.68,25.55166667,68.56416667,34.88416667,8.128333333,12.84833333
7/29/2022,10,1,38,3,40,Control,Young,4/5/22,Male,M03560-33492,M18,Jackson,0.95,34.50333333,26.44333333,70.535,36.03166667,8.06,12.5
7/29/2022,10,1,38,3,40,CpG.NP.Mi,Young,4/5/22,Male,M03560-33492,M18,Jackson,0.95,33.35666667,24.3125,76.58,43.22333333,9.044166667,12.325
7/29/2022,10,2,39,3,40,CDN,Aged,11/24/20,Male,M03561-33503,M17,Jackson,0.95,25.20333333,20.62666667,35.86333333,10.66,4.576666667,8.991666667
7/29/2022,10,2,39,3,40,Control,Aged,11/24/20,Male,M03561-33503,M17,Jackson,0.95,24.52666667,20.20333333,38.84666667,14.32,4.323333333,9.373333333
7/29/2022,10,2,39,3,40,CDN,Young,4/5/22,Male,M03560-33492,M18,Jackson,0.95,27.83666667,21.77333333,36.2225,8.385833333,6.063333333,8.835
7/29/2022,10,2,39,3,40,Control,Young,4/5/22,Male,M03560-33492,M18,Jackson,0.95,27.59,21.61333333,40.07666667,12.48666667,5.976666667,9.203333333
7/29/2022,10,3,40,3,40,Control,Young,4/5/22,Male,M03560-33492,M18,Jackson,0.95,19.27,15.365,24.49916667,5.229166667,3.905,7.878333333
7/29/2022,10,3,40,3,40,CpG,Young,4/5/22,Male,M03560-33492,M18,Jackson,0.95,20.535,16.535,29.22,8.685,4,8.5
7/29/2022,10,3,40,3,40,LPS,Young,4/5/22,Male,M03560-33492,M18,Jackson,0.95,17.32833333,13.405,23.40666667,6.078333333,3.923333333,5.488333333
8/2/2022,11,1,41,3,40,CDN,Young,4/5/22,Male,M03560-33493,M19,Jackson,0.97,36.78666667,33.46833333,62.6625,25.87583333,3.596666667,14.05
8/2/2022,11,1,41,3,40,Control,Young,4/5/22,Male,M03560-33493,M19,Jackson,0.97,33.86666667,26.39333333,52.93333333,19.06666667,7.473333333,13.07666667
8/2/2022,11,1,41,3,40,Control,Young,4/5/22,Male,M03560-33493,M20,Jackson,0.97,42.95333333,33.73333333,80.68,37.72666667,9.22,16.55
8/2/2022,11,1,41,3,40,R848,Young,4/5/22,Male,M03560-33493,M20,Jackson,0.97,39.995,32.3525,74.05833333,34.06333333,7.6425,17.72166667
8/2/2022,11,2,42,3,40,Control,Young,4/5/22,Male,M03560-33493,M19,Jackson,0.97,22.31666667,17.64,27.61333333,5.296666667,4.676666667,8.566666667
8/2/2022,11,2,42,3,40,Control,Young,4/5/22,Male,M03560-33493,M20,Jackson,0.97,26.42333333,19.52333333,38.275,11.85166667,6.9,10.75
8/2/2022,11,2,42,3,40,CpG,Young,4/5/22,Male,M03560-33493,M20,Jackson,0.97,26.98166667,20.425,36.515,9.533333333,6.556666667,11.3
8/2/2022,11,2,42,3,40,R848,Young,4/5/22,Male,M03560-33493,M19,Jackson,0.97,25.585,19.365,34.90166667,9.316666667,6.22,9.438333333
8/2/2022,11,3,43,3,40,CDN,Young,4/5/22,Male,M03560-33493,M20,Jackson,0.97,21.585,16.49,26.79583333,5.210833333,5.095,6.601666667
8/2/2022,11,3,43,3,40,Control,Young,4/5/22,Male,M03560-33493,M20,Jackson,0.97,24.23666667,18.83666667,37.85333333,13.61666667,5.4,7.636666667
8/2/2022,11,3,43,3,40,CpG,Young,4/5/22,Male,M03560-33493,M19,Jackson,0.97,21.255,15.705,29.8375,8.5825,5.55,6.36
9/14/2022,12,1,44,3,40,CDN.NP.Mi,Aged,11/24/20,Male,M03561-33504,M21,Jackson,0.95,22.58333333,18.6625,57.82833333,35.245,3.920833333,13.46666667
9/14/2022,12,1,44,3,40,Control,Aged,11/24/20,Male,M03561-33504,M21,Jackson,0.95,19.31333333,17.36833333,41.28,21.96666667,1.945,11.18
9/14/2022,12,1,44,3,40,Control,Young,6/28/22,Male,M03607-34069,M22,Jackson,0.95,28.52,23.36,48.485,19.965,5.16,11.88
9/14/2022,12,1,44,3,40,LPS,Young,6/28/22,Male,M03607-34069,M22,Jackson,0.95,25.01333333,19.80416667,39.88666667,14.87333333,5.209166667,10.15833333
9/14/2022,12,2,45,3,40,Control,Aged,11/24/20,Male,M03561-33504,M21,Jackson,0.95,16.34,13.225,25.53,9.19,3.115,7.56
9/14/2022,12,2,45,3,40,CpG,Aged,11/24/20,Male,M03561-33504,M21,Jackson,0.95,21.46166667,16.94916667,38.5525,17.09083333,4.5125,10.545
9/14/2022,12,2,45,3,40,Control,Young,6/28/22,Male,M03607-34069,M22,Jackson,0.95,16.80666667,12.325,19.82666667,3.02,4.481666667,6.553333333
9/14/2022,12,2,45,3,40,CpG,Young,6/28/22,Male,M03607-34069,M22,Jackson,0.95,12.73333333,8.998333333,11.51,0,3.735,5.405
9/14/2022,12,3,46,3,40,Control,Aged,11/24/20,Male,M03561-33504,M21,Jackson,0.95,31.03666667,26.42,72.12166667,41.085,4.616666667,14.62333333
9/14/2022,12,3,46,3,40,CpG.NP.Mi,Aged,11/24/20,Male,M03561-33504,M21,Jackson,0.95,26.95666667,23.24,64.12,37.16333333,3.716666667,15.035
9/14/2022,12,3,46,3,40,Control,Young,6/28/22,Male,M03607-34069,M22,Jackson,0.95,23.8,18.83333333,34.005,10.205,4.966666667,8.74
9/14/2022,12,3,46,3,40,CpG.NP.Mi,Young,6/28/22,Male,M03607-34069,M22,Jackson,0.95,19.28666667,15.44,37.75,18.46333333,3.846666667,9.3
9/15/2022,13,1,47,3,86,Control,Young,6/28/22,Male,M03607-34068,M23,Jackson,0.89,57.2,39.08,109.71,52.51,18.12,24.4
9/15/2022,13,1,47,3,86,LPS,Young,6/28/22,Male,M03607-34068,M23,Jackson,0.89,64.63,44.31,120.015,55.385,20.32,27.925
9/15/2022,13,1,47,3,86,R848,Young,6/28/22,Male,M03607-34068,M23,Jackson,0.89,68.23916667,41.56916667,126.2125,57.97333333,26.67,31.0725
9/15/2022,13,2,48,3,86,LPS,Young,6/28/22,Male,M03607-34068,M23,Jackson,0.89,44.7,27.025,76.84833333,32.14833333,17.675,28.99666667
9/26/2023,14,1,49,3,40,Control,Aged,1/18/22,Male,M03979-38646,M24,Unknown,0.95,32.67,26.00333333,66.91666667,34.24666667,6.666666667,12.69333333
9/26/2023,14,1,49,3,40,MPLA,Aged,1/18/22,Male,M03979-38646,M24,Unknown,0.95,35.86833333,28.835,80.40583333,44.5375,7.033333333,13.83166667
9/26/2023,14,1,49,3,40,Control,Young,8/1/23,Male,M04122-40061,M25,Jackson,0.97,49.83666667,39.68333333,139.185,89.34833333,10.15333333,19.64
9/26/2023,14,1,49,3,40,MPLA,Young,8/1/23,Male,M04122-40061,M25,Jackson,0.97,40.64666667,31.855,104.5258333,63.87916667,8.791666667,14.42666667
9/29/2023,15,1,50,3,40,Control,Aged,12/21/22,Female,M03978-38659,M26,NIH,0.94,62.40666667,50.49333333,98.46833333,36.06166667,11.91333333,25.03666667
9/29/2023,15,1,50,3,40,MPLA,Aged,12/21/22,Female,M03978-38659,M26,NIH,0.94,60.63666667,50.96333333,108.5891667,47.9525,9.673333333,24.71333333
9/29/2023,15,1,50,3,40,Control,Young,8/1/23,Female,M04121-40063,M27,Jackson,0.94,48.31666667,39.68,76.80166667,28.485,8.636666667,21.36333333
9/29/2023,15,1,50,3,40,MPLA,Young,8/1/23,Female,M04121-40063,M27,Jackson,0.94,43.33,33.655,69.12916667,25.79916667,9.675,16.85333333
10/3/2023,16,1,51,3,40,Control,Aged,12/15/21,Female,M03978-38650,M28,NIH,0.94,32.64666667,26.15,75.06666667,42.42,6.496666667,13.17333333
10/3/2023,16,1,51,3,40,MPLA,Aged,12/15/21,Female,M03978-38650,M28,NIH,0.94,42.86333333,38.73333333,92.32,49.45666667,4.13,12.49
10/3/2023,16,1,51,3,40,Control,Young,8/1/23,Female,M04121-40063,M29,Jackson,0.91,29.92,24.76333333,48.32,18.4,5.156666667,14.14
10/3/2023,16,1,51,3,40,MPLA,Young,8/1/23,Female,M04121-40063,M29,Jackson,0.91,23.42333333,18.18833333,56.78333333,33.36,5.235,8.356666667
11/3/2023,17,1,52,3,40,Control,Young,8/1/23,Male,M04122-40061,M30,Jackson,0.92,35.91333333,30.17888889,65.795,29.88166667,5.734444444,12.33
11/3/2023,17,1,52,3,40,MPLA,Young,8/1/23,Male,M04122-40061,M30,Jackson,0.92,36.52333333,31.185,75.93833333,39.415,5.338333333,12.28166667
11/8/2023,18,1,53,3,40,Control,Aged,12/15/21,Female,M03978-38649,M31,NIH,0.86,45.51333333,36.59833333,148.56,103.0466667,8.915,22.59
11/8/2023,18,1,53,3,40,MPLA.NP.Mi,Aged,12/15/21,Female,M03978-38649,M31,NIH,0.86,42.76833333,32.48916667,140.3916667,97.62333333,10.27916667,21.97333333
11/8/2023,18,1,53,3,40,Control,Young,8/1/23,Female,M04121-40065,M32,Jackson,0.88,43.69666667,34.81166667,94.41,50.71333333,8.885,14.64
11/8/2023,18,1,53,3,40,MPLA.NP.Mi,Young,8/1/23,Female,M04121-40065,M32,Jackson,0.88,39.07,33.29166667,105.6183333,66.54833333,5.778333333,15.05666667
12/13/2023,19,1,54,3,40,Control,Aged,3/1/22,Female,M04119-40067,M33,Jackson,0.88,31.71666667,25.02666667,56.43333333,24.71666667,6.69,9.966666667
12/13/2023,19,1,54,3,40,MPLA.NP.Mi,Aged,3/1/22,Female,M04119-40067,M33,Jackson,0.88,31.75666667,26.14833333,77.67333333,45.91666667,5.608333333,12.36166667
12/13/2023,19,1,54,3,40,Control,Young,9/12/23,Female,M04193-40692,M34,Jackson,0.9,48.64,40.98666667,143.0066667,94.36666667,7.653333333,17.61333333
12/13/2023,19,1,54,3,40,MPLA.NP.Mi,Young,9/12/23,Female,M04193-40692,M34,Jackson,0.9,42.45166667,34.895,131.7,89.24833333,7.556666667,13.735
12/13/2023,20,2,55,3,40,Control,Aged,3/1/22,Female,M04119-40067,M33,Jackson,0.88,30.45,24.60166667,59.10833333,28.65833333,5.848333333,9.106666667
12/13/2023,20,2,55,3,40,R848.NP.Mi,Aged,3/1/22,Female,M04119-40067,M33,Jackson,0.88,37.51666667,30.95833333,91.83583333,54.31916667,6.558333333,13.09666667
12/13/2023,20,2,55,3,40,Control,Young,9/12/23,Female,M04193-40692,M34,Jackson,0.9,33.89333333,29.44333333,88.645,54.75166667,4.45,9.85
12/13/2023,20,2,55,3,40,R848.NP.Mi,Young,9/12/23,Female,M04193-40692,M34,Jackson,0.9,42.37333333,35.42083333,142.6275,100.2541667,6.9525,16.16
12/13/2023,20,3,56,3,40,Control,Aged,3/1/22,Female,M04119-40067,M33,Jackson,0.88,25.50666667,21.745,55.35666667,29.85,3.761666667,12.29333333
12/13/2023,20,3,56,3,40,NP.Mi,Aged,3/1/22,Female,M04119-40067,M33,Jackson,0.88,25.81833333,23.04083333,60.1075,34.28916667,2.7775,15.315
12/13/2023,20,3,56,3,40,Control,Young,9/12/23,Female,M04193-40692,M34,Jackson,0.9,25.63333333,24.51166667,64.83666667,39.20333333,1.121666667,13.29333333
12/13/2023,20,3,56,3,40,NP.Mi,Young,9/12/23,Female,M04193-40692,M34,Jackson,0.9,18.255,18.815,59.4725,41.2175,0.214166667,13.645
12/14/2023,21,1,57,3,40,Control,Aged,3/1/22,Female,M04117-40071,M35,NIH,0.91,37.40333333,29.65333333,96.01166667,58.60833333,7.75,14.25333333
12/14/2023,21,1,57,3,40,NP.Mi,Aged,3/1/22,Female,M04117-40071,M35,NIH,0.91,23.30333333,19.11333333,66.4825,43.17916667,4.19,10.66
12/14/2023,21,1,57,3,40,Control,Young,9/12/23,Female,M04193-40691,M36,Jackson,0.92,25.57,19.80333333,31.04333333,5.473333333,5.766666667,8.086666667
12/14/2023,21,1,57,3,40,NP.Mi,Young,9/12/23,Female,M04193-40691,M36,Jackson,0.92,15.89833333,13.11416667,21.32333333,5.5,2.784166667,6.631666667
12/14/2023,21,3,59,3,40,Control,Aged,3/1/22,Female,M04117-40071,M35,NIH,0.91,20.15,15,49.195,29.045,5.15,11.59
12/14/2023,21,3,59,3,40,R848.NP.Mi,Aged,3/1/22,Female,M04117-40071,M35,NIH,0.91,31.11833333,18.665,95.58333333,64.465,12.45333333,15.89166667
12/14/2023,21,3,59,3,40,Control,Young,9/12/23,Female,M04193-40691,M36,Jackson,0.92,16.25,11.93,20.265,4.015,4.32,6.7
12/14/2023,21,3,59,3,40,R848.NP.Mi,Young,9/12/23,Female,M04193-40691,M36,Jackson,0.92,9.955833333,6.249166667,23.4675,13.51166667,3.706666667,5.05
12/15/2023,22,1,60,3,40,Control,Aged,3/1/22,Female,M04117-40071,M37,NIH,0.89,39.26,32.28833333,80.64666667,41.38666667,6.971666667,16.35333333
12/15/2023,22,1,60,3,40,R848,Aged,3/1/22,Female,M04117-40071,M37,NIH,0.89,47.09333333,38.88583333,115.905,68.81166667,8.2075,17.09
12/15/2023,22,1,60,3,40,Control,Young,9/12/23,Female,M04193-40691,M38,Jackson,0.88,29.26,22.12666667,45.15833333,15.89833333,7.133333333,10.49666667
12/15/2023,22,1,60,3,40,R848,Young,9/12/23,Female,M04193-40691,M38,Jackson,0.88,32.88666667,26.46333333,44.49833333,11.61166667,6.423333333,10.79166667
12/15/2023,22,2,61,3,40,Control,Aged,3/1/22,Female,M04117-40071,M37,NIH,0.89,34.07666667,28.15833333,80.54333333,46.46666667,5.918333333,13.15666667
12/15/2023,22,2,61,3,40,NP.Mi,Aged,3/1/22,Female,M04117-40071,M37,NIH,0.89,26.17666667,20.23166667,67.2475,41.07083333,5.945,11.26
12/15/2023,22,2,61,3,40,Control,Young,9/12/23,Female,M04193-40691,M38,Jackson,0.88,23.40666667,17.93166667,28.835,5.428333333,5.475,7.61
12/15/2023,22,2,61,3,40,NP.Mi,Young,9/12/23,Female,M04193-40691,M38,Jackson,0.88,19.49833333,14.3775,36.26833333,16.77,5.120833333,6.436666667
12/15/2023,22,3,62,3,40,Control,Aged,3/1/22,Female,M04117-40071,M37,NIH,0.89,22.21333333,17.68666667,40.07666667,17.86333333,4.526666667,7.013333333
12/15/2023,22,3,62,3,40,MPLA.NP.Mi,Aged,3/1/22,Female,M04117-40071,M37,NIH,0.89,27.08666667,18.6925,65.01166667,37.925,8.394166667,9.053333333
12/15/2023,22,3,62,3,40,Control,Young,9/12/23,Female,M04193-40691,M38,Jackson,0.88,16.85333333,12.345,20.34833333,3.495,4.508333333,4.596666667
12/15/2023,22,3,62,3,40,MPLA.NP.Mi,Young,9/12/23,Female,M04193-40691,M38,Jackson,0.88,13.66833333,10.40416667,27.79916667,14.13083333,3.264166667,4.408333333
1/16/2024,23,1,63,3,40,Control,Aged,5/1/22,Male,M04192-40694,M39,NIH,0.88,7.17,6.37,7.331666667,0.161666667,0.8,4.623333333
1/16/2024,23,1,63,3,40,NP.Mi,Aged,5/1/22,Male,M04192-40694,M39,NIH,0.88,10.34,8.975,24.50833333,14.16833333,1.365,3.396666667
1/16/2024,23,1,63,3,40,Control,Young,9/12/23,Male,M04194-40689,M40,Jackson,0.89,15.62666667,12.60666667,19.52166667,3.895,3.02,4.333333333
1/16/2024,23,1,63,3,40,NP.Mi,Young,9/12/23,Male,M04194-40689,M40,Jackson,0.89,14.03166667,11.48166667,31.82666667,17.795,2.55,3.728333333
1/16/2024,23,2,64,3,40,Control,Aged,5/1/22,Male,M04192-40694,M39,NIH,0.88,7.553333333,6.55,8.101666667,0.548333333,1.003333333,2.433333333
1/16/2024,23,2,64,3,40,MPLA.NP.Mi,Aged,5/1/22,Male,M04192-40694,M39,NIH,0.88,9.076666667,8.366666667,19.20666667,10.13,0.71,3.203333333
1/16/2024,23,2,64,3,40,Control,Young,9/12/23,Male,M04194-40689,M40,Jackson,0.89,13.82333333,11.50666667,14.49833333,0.675,2.316666667,3.996666667
1/16/2024,23,2,64,3,40,MPLA.NP.Mi,Young,9/12/23,Male,M04194-40689,M40,Jackson,0.89,9.185,8.26,21.68583333,12.50083333,0.925,2.691666667
1/16/2024,23,3,65,3,40,Control,Aged,5/1/22,Male,M04192-40694,M39,NIH,0.88,8.2,7.333333333,15.57833333,7.378333333,0.866666667,3.476666667
1/16/2024,23,3,65,3,40,MPLA,Aged,5/1/22,Male,M04192-40694,M39,NIH,0.88,9.01,8.956666667,15.42,6.41,0.053333333,4.5
1/16/2024,23,3,65,3,40,Control,Young,9/12/23,Male,M04194-40689,M40,Jackson,0.89,9.546666667,8.073333333,9.563333333,0.016666667,1.473333333,3.116666667
1/16/2024,23,3,65,3,40,MPLA,Young,9/12/23,Male,M04194-40689,M40,Jackson,0.89,7.78,7.385,8.391666667,0.720833333,0.395,2.928333333
1/17/2024,24,1,66,3,40,Control,Aged,6/7/22,Male,M04230-41289,M41,Jackson,0.85,14.53666667,12.38,21.74666667,7.21,2.156666667,4.683333333
1/17/2024,24,1,66,3,40,MPLA.NP.Mi,Aged,6/7/22,Male,M04230-41289,M41,Jackson,0.85,13.89833333,12.46,36.95166667,23.05333333,1.438333333,4.993333333
1/17/2024,24,1,66,3,40,Control,Young,9/12/23,Male,M04194-40689,M42,Jackson,0.9,30.19666667,23.50333333,40.59166667,10.395,6.693333333,7.733333333
1/17/2024,24,1,66,3,40,MPLA.NP.Mi,Young,9/12/23,Male,M04194-40689,M42,Jackson,0.9,19.96166667,17.26666667,44.39416667,24.4325,2.695,6.393333333
1/17/2024,24,2,67,3,40,Control,Aged,6/7/22,Male,M04230-41289,M41,Jackson,0.85,14.73666667,12.88,21.59666667,6.86,1.856666667,6.383333333
1/17/2024,24,2,67,3,40,NP.Mi,Aged,6/7/22,Male,M04230-41289,M41,Jackson,0.85,15.29666667,13.2,34.5175,19.22083333,2.096666667,6.765
1/17/2024,24,2,67,3,40,Control,Young,9/12/23,Male,M04194-40689,M42,Jackson,0.9,29.09333333,22.49666667,37.04833333,7.955,6.596666667,8.396666667
1/17/2024,24,2,67,3,40,NP.Mi,Young,9/12/23,Male,M04194-40689,M42,Jackson,0.9,18.81,14.05666667,40.13333333,21.32333333,4.753333333,6.076666667
1/17/2024,24,3,68,3,40,Control,Aged,6/7/22,Male,M04230-41289,M41,Jackson,0.85,13.18666667,10.78666667,19.165,5.978333333,2.4,4.52
1/17/2024,24,3,68,3,40,MPLA,Aged,6/7/22,Male,M04230-41289,M41,Jackson,0.85,15.81666667,14.70666667,24.7375,8.920833333,1.11,6.135
1/17/2024,24,3,68,3,40,Control,Young,9/12/23,Male,M04194-40689,M42,Jackson,0.9,15.09666667,10.94333333,18.69833333,3.601666667,4.153333333,5.046666667
1/17/2024,24,3,68,3,40,MPLA,Young,9/12/23,Male,M04194-40689,M42,Jackson,0.9,13.23,11.35833333,16.99916667,3.769166667,1.871666667,4.518333333